profile,variant,n,mae,rmse,bias,corr
propietario,rho_cal_mean,2620,0.19856707431567355,0.2654669555546244,-0.19372431617657387,0.7358276445169799
propietario,rho_cal_max,2620,0.021840139115528602,0.04281691847189073,0.007618373308154967,0.9790461222664038
empleado,rho_cal_mean,238,0.2137954647062445,0.28160599644851986,-0.20640558559521682,0.739209409751592
empleado,rho_cal_max,238,0.023176440882716965,0.044155041353198574,0.005723517946229476,0.9775718866062426
global,rho_cal_mean,2858,0.19983521879186522,0.2668481946775913,-0.194780349109267,0.7360224184215849
global,rho_cal_max,2858,0.02195141966856948,0.04292994275331055,0.007460579194740599,0.9788620714232253
